{
  "project_info": {
    "project_number": "813222493139",
    "project_id": "lugares-3b5e2",
    "storage_bucket": "lugares-3b5e2.appspot.com"
  },
  "client": [
    {
      "client_info": {
        "mobilesdk_app_id": "1:813222493139:android:f942358892f607cb5d0d26",
        "android_client_info": {
          "package_name": "com.lugares"
        }
      },
      "oauth_client": [
        {
          "client_id": "813222493139-1fs9173ov9ckfot75p48qsbuv23kth58.apps.googleusercontent.com",
          "client_type": 3
        }
      ],
      "api_key": [
        {
          "current_key": "AIzaSyA08DKXSO8tb1gK-Saq_ckT85b0NkMwudw"
        }
      ],
      "services": {
        "appinvite_service": {
          "other_platform_oauth_client": [
            {
              "client_id": "813222493139-1fs9173ov9ckfot75p48qsbuv23kth58.apps.googleusercontent.com",
              "client_type": 3
            }
          ]
        }
      }
    }
  ],
  "configuration_version": "1"
}